0,2015,w40
1,2015,w41
2,2015,w42
3,2015,w43
4,2015,w44
5,2015,w45
6,2015,w46
7,2015,w47
8,2015,w48
9,2015,w49
10,2015,w50
11,2015,w51
12,2015,w52
13,2015,w53
14,2016,w01
15,2016,w02
16,2016,w03
17,2016,w04
18,2016,w05
19,2016,w06
20,2016,w07
21,2016,w08
22,2016,w09
23,2016,w10
24,2016,w11
25,2016,w12
26,2016,w13
27,2016,w14
28,2016,w15
29,2016,w16
30,2016,w17
31,2016,w18
32,2016,w19
33,2016,w20
34,2016,w21
35,2016,w22
36,2016,w23
37,2016,w24
38,2016,w25
39,2016,w26
40,2016,w27
41,2016,w28
42,2016,w29
43,2016,w30
44,2016,w31
45,2016,w32
46,2016,w33
47,2016,w34
48,2016,w35
49,2016,w36
50,2016,w37
51,2016,w38
52,2016,w39
53,2016,w40
54,2016,w41
55,2016,w42
56,2016,w43
57,2016,w44
58,2016,w45
59,2016,w46
60,2016,w47
61,2016,w48
62,2016,w49
63,2016,w50
64,2016,w51
65,2016,w52
66,2017,w01
67,2017,w02
68,2017,w03
69,2017,w04
70,2017,w05
71,2017,w06
72,2017,w07
73,2017,w08
74,2017,w09
75,2017,w10
76,2017,w11
77,2017,w12
78,2017,w13
79,2017,w14
80,2017,w15
81,2017,w16
82,2017,w17
83,2017,w18
84,2017,w19
85,2017,w20
86,2017,w21
87,2017,w22
88,2017,w23
89,2017,w24
90,2017,w25
91,2017,w26
92,2017,w27
93,2017,w28
94,2017,w29
95,2017,w30
96,2017,w31
97,2017,w32
98,2017,w33
99,2017,w34
100,2017,w35
101,2017,w36
102,2017,w37
103,2017,w38
104,2017,w39
105,2017,w40
106,2017,w41
107,2017,w42
108,2017,w43
109,2017,w44
110,2017,w45
111,2017,w46
112,2017,w47
113,2017,w48
114,2017,w49
115,2017,w50
116,2017,w51
117,2017,w52
118,2018,w01
119,2018,w02
120,2018,w03
121,2018,w04
122,2018,w05
123,2018,w06
124,2018,w07
125,2018,w08
126,2018,w09
127,2018,w10
128,2018,w11
129,2018,w12
130,2018,w13
131,2018,w14
132,2018,w15
133,2018,w16
134,2018,w17
135,2018,w18
136,2018,w19
137,2018,w20
138,2018,w21
139,2018,w22
140,2018,w23
141,2018,w24
142,2018,w25
143,2018,w26
144,2018,w27
145,2018,w28
146,2018,w29
147,2018,w30
148,2018,w31
149,2018,w32
150,2018,w33
151,2018,w34
152,2018,w35
153,2018,w36
154,2018,w37
155,2018,w38
156,2018,w39
157,2018,w40
158,2018,w41
159,2018,w42
160,2018,w43
161,2018,w44
162,2018,w45
163,2018,w46
164,2018,w47
165,2018,w48
166,2018,w49
167,2018,w50
168,2018,w51
169,2018,w52
170,2019,w01
171,2019,w02
172,2019,w03
173,2019,w04
174,2019,w05
175,2019,w06
176,2019,w07
177,2019,w08
178,2019,w09
179,2019,w10
180,2019,w11
181,2019,w12
182,2019,w13
183,2019,w14
184,2019,w15
185,2019,w16
186,2019,w17
187,2019,w18
188,2019,w19
189,2019,w20
190,2019,w21
191,2019,w22
192,2019,w23
193,2019,w24
194,2019,w25
195,2019,w26
196,2019,w27
197,2019,w28
198,2019,w29
199,2019,w30
200,2019,w31
201,2019,w32
202,2019,w33
203,2019,w34
204,2019,w35
205,2019,w36
206,2019,w37
207,2019,w38
208,2019,w39
209,2019,w40
210,2019,w41
211,2019,w42
212,2019,w43
213,2019,w44
214,2019,w45
215,2019,w46
216,2019,w47
217,2019,w48
218,2019,w49
219,2019,w50
220,2019,w51
221,2019,w52
222,2020,w01
223,2020,w02
224,2020,w03
225,2020,w04
226,2020,w05
227,2020,w06
228,2020,w07
229,2020,w08
230,2020,w09
231,2020,w10
232,2020,w11
233,2020,w12
234,2020,w13
235,2020,w14
236,2020,w15
237,2020,w16
238,2020,w17
239,2020,w18
240,2020,w19
241,2020,w20
242,2020,w21
243,2020,w22
244,2020,w23
245,2020,w24
246,2020,w25
247,2020,w26
248,2020,w27
249,2020,w28
250,2020,w29
251,2020,w30
252,2020,w31
253,2020,w32
254,2020,w33
255,2020,w34
256,2020,w35
257,2020,w36
258,2020,w37
259,2020,w38
260,2020,w39
261,2020,w40
262,2020,w41
263,2020,w42
264,2020,w43
265,2020,w44
266,2020,w45
267,2020,w46
268,2020,w47
269,2020,w48
270,2020,w49
271,2020,w50
272,2020,w51
273,2020,w52
274,2020,w53
275,2021,w01
276,2021,w02
277,2021,w03
278,2021,w04
279,2021,w05
280,2021,w06
281,2021,w07
282,2021,w08
283,2021,w09
284,2021,w10
285,2021,w11
286,2021,w12
287,2021,w13
288,2021,w14
289,2021,w15
290,2021,w16
291,2021,w17
292,2021,w18
293,2021,w19
294,2021,w20
295,2021,w21
296,2021,w22
297,2021,w23
298,2021,w24
299,2021,w25
300,2021,w26
301,2021,w27
302,2021,w28
303,2021,w29
304,2021,w30
305,2021,w31
306,2021,w32
307,2021,w33
308,2021,w34
309,2021,w35
310,2021,w36
311,2021,w37
312,2021,w38
313,2021,w39
314,2021,w40
315,2021,w41
316,2021,w42
317,2021,w43
318,2021,w44
319,2021,w45
320,2021,w46
321,2021,w47
322,2021,w48
323,2021,w49
324,2021,w50
325,2021,w51
326,2021,w52
327,2022,w01
328,2022,w02
329,2022,w03
330,2022,w04
331,2022,w05
332,2022,w06
333,2022,w07
334,2022,w08
335,2022,w09
336,2022,w10
337,2022,w11
338,2022,w12
339,2022,w13
340,2022,w14
341,2022,w15
342,2022,w16
343,2022,w17
344,2022,w18
345,2022,w19
346,2022,w20
347,2022,w21
348,2022,w22
349,2022,w23
350,2022,w24
351,2022,w25
352,2022,w26
353,2022,w27
354,2022,w28
355,2022,w29
356,2022,w30
357,2022,w31
358,2022,w32
359,2022,w33
360,2022,w34
361,2022,w35
362,2022,w36
363,2022,w37
364,2022,w38
365,2022,w39
366,2022,w40
367,2022,w41
368,2022,w42
369,2022,w43
370,2022,w44
371,2022,w45
372,2022,w46
373,2022,w47
374,2022,w48
375,2022,w49
376,2022,w50
377,2022,w51
378,2022,w52
379,2023,w01
380,2023,w02
381,2023,w03
382,2023,w04
383,2023,w05
384,2023,w06
385,2023,w07
386,2023,w08
387,2023,w09
388,2023,w10
389,2023,w11
390,2023,w12
391,2023,w13
392,2023,w14
393,2023,w15
394,2023,w16
395,2023,w17
396,2023,w18
397,2023,w19
398,2023,w20
399,2023,w21
400,2023,w22
401,2023,w23
402,2023,w24
403,2023,w25
404,2023,w26
405,2023,w27
406,2023,w28
407,2023,w29
408,2023,w30
409,2023,w31
410,2023,w32
411,2023,w33
412,2023,w34
413,2023,w35
414,2023,w36
415,2023,w37
416,2023,w38
417,2023,w39
418,2023,w40
419,2023,w41
420,2023,w42
421,2023,w43
422,2023,w44
423,2023,w45
424,2023,w46
425,2023,w47
426,2023,w48
427,2023,w49
428,2023,w50
429,2023,w51
430,2023,w52
431,2024,w01
432,2024,w02
433,2024,w03
434,2024,w04
435,2024,w05
436,2024,w06
437,2024,w07
438,2024,w08
439,2024,w09
440,2024,w10
441,2024,w11
442,2024,w12
443,2024,w13
444,2024,w14
445,2024,w15
446,2024,w16
447,2024,w17
448,2024,w18
449,2024,w19
450,2024,w20
451,2024,w21
452,2024,w22
453,2024,w23
454,2024,w24
455,2024,w25
456,2024,w26
457,2024,w27
458,2024,w28
459,2024,w29
460,2024,w30
461,2024,w31
462,2024,w32
463,2024,w33
464,2024,w34
465,2024,w35
466,2024,w36
467,2024,w37
468,2024,w38
469,2024,w39
470,2024,w40
471,2024,w41
472,2024,w42
473,2024,w43
474,2024,w44
475,2024,w45
476,2024,w46
477,2024,w47
478,2024,w48
479,2024,w49
480,2024,w50
481,2024,w51
482,2024,w52
483,2025,w01
484,2025,w02
485,2025,w03
486,2025,w04
487,2025,w05
488,2025,w06
489,2025,w07
490,2025,w08
491,2025,w09
492,2025,w10
493,2025,w11
494,2025,w12
495,2025,w13
496,2025,w14
497,2025,w15
498,2025,w16
499,2025,w17
500,2025,w18
501,2025,w19
502,2025,w20
503,2025,w21
504,2025,w22
505,2025,w23
506,2025,w24
507,2025,w25
508,2025,w26
509,2025,w27
510,2025,w28
511,2025,w29
512,2025,w30
513,2025,w31
514,2025,w32
515,2025,w33
516,2025,w34
517,2025,w35
518,2025,w36
519,2025,w37
520,2025,w38
521,2025,w39
522,2025,w40
523,2025,w41
524,2025,w42
525,2025,w43
526,2025,w44
527,2025,w45
528,2025,w46
529,2025,w47
530,2025,w48
531,2025,w49
532,2025,w50
533,2025,w51
534,2025,w52
535,2026,w01
536,2026,w02
537,2026,w03
