dataset,model,horizon,fold_season,ratio,c_u,c_o,scope,total_cost,under_cost,over_cost,service_level,n_weeks,n_regions
Sweden-CV-multihorizon,MEx-ColaGNN-SE,1,2018/19,2:1,2,1,fold,5896.074717468052,2360.9054745928074,3535.169242875244,0.6940836940836941,33,21
Sweden-CV-multihorizon,MEx-ColaGNN-SE,1,2018/19,3:1,3,1,fold,7243.490780836373,2949.014199195705,4294.476581640669,0.7489177489177489,33,21
Sweden-CV-multihorizon,MEx-ColaGNN-SE,1,2018/19,5:1,5,1,fold,9054.567496425745,3287.88037632511,5766.687120100636,0.8282828282828283,33,21
Sweden-CV-multihorizon,MEx-ColaGNN-SE,1,2018/19,10:1,10,1,fold,11589.309886945317,4043.566930027214,7545.742956918106,0.8975468975468975,33,21
Sweden-CV-multihorizon,MEx-ColaGNN-SE,1,2019/20,2:1,2,1,fold,3999.0540470411106,1376.4802159614067,2622.573831079704,0.7965367965367965,33,21
Sweden-CV-multihorizon,MEx-ColaGNN-SE,1,2019/20,3:1,3,1,fold,5185.724106293199,1515.764366405868,3669.95973988733,0.8427128427128427,33,21
Sweden-CV-multihorizon,MEx-ColaGNN-SE,1,2019/20,5:1,5,1,fold,6568.954456221256,1578.5352633413668,4990.419192879888,0.9033189033189033,33,21
Sweden-CV-multihorizon,MEx-ColaGNN-SE,1,2019/20,10:1,10,1,fold,8623.398794933055,1836.997614934834,6786.40117999822,0.9595959595959596,33,21
Sweden-CV-multihorizon,MEx-ColaGNN-SE,1,2021/22,2:1,2,1,fold,12002.914129036002,8958.633749523164,3044.2803795128407,0.5252525252525253,33,21
Sweden-CV-multihorizon,MEx-ColaGNN-SE,1,2021/22,3:1,3,1,fold,15771.165043378616,12307.238249254186,3463.9267941244316,0.5670995670995671,33,21
Sweden-CV-multihorizon,MEx-ColaGNN-SE,1,2021/22,5:1,5,1,fold,22569.81397771879,18344.946337624602,4224.867640094182,0.6479076479076479,33,21
Sweden-CV-multihorizon,MEx-ColaGNN-SE,1,2021/22,10:1,10,1,fold,35864.936780890814,29838.916171730067,6026.02060916074,0.7619047619047619,33,21
Sweden-CV-multihorizon,MEx-ColaGNN-SE,1,2022/23,2:1,2,1,fold,11042.159886339192,6190.055922109433,4852.103964229758,0.5772005772005772,33,21
Sweden-CV-multihorizon,MEx-ColaGNN-SE,1,2022/23,3:1,3,1,fold,16905.013786901985,6378.814519958841,10526.199266943144,0.6883116883116883,33,21
Sweden-CV-multihorizon,MEx-ColaGNN-SE,1,2022/23,5:1,5,1,fold,20382.617405832694,7539.169507282619,12843.447898550077,0.7806637806637806,33,21
Sweden-CV-multihorizon,MEx-ColaGNN-SE,1,2022/23,10:1,10,1,fold,28917.072067342626,7975.7423679683925,20941.329699374233,0.8773448773448773,33,21
Sweden-CV-multihorizon,MEx-ColaGNN-SE,1,2023/24,2:1,2,1,fold,6868.544301083656,1330.7563547167788,5537.787946366878,0.7676767676767676,33,21
Sweden-CV-multihorizon,MEx-ColaGNN-SE,1,2023/24,3:1,3,1,fold,8315.883385790203,1297.7005060299975,7018.182879760205,0.8484848484848485,33,21
Sweden-CV-multihorizon,MEx-ColaGNN-SE,1,2023/24,5:1,5,1,fold,10128.285055784669,1325.0472688375016,8803.237786947167,0.9076479076479076,33,21
Sweden-CV-multihorizon,MEx-ColaGNN-SE,1,2023/24,10:1,10,1,fold,12211.729129800255,1214.6727806640483,10997.056349136205,0.948051948051948,33,21
Sweden-CV-multihorizon,MEx-ColaGNN-SE,1,2024/25,2:1,2,1,fold,7809.593260796781,4469.40101601877,3340.1922447780125,0.6926406926406926,33,21
Sweden-CV-multihorizon,MEx-ColaGNN-SE,1,2024/25,3:1,3,1,fold,9802.642768474947,5481.403774782774,4321.238993692172,0.7662337662337663,33,21
Sweden-CV-multihorizon,MEx-ColaGNN-SE,1,2024/25,5:1,5,1,fold,11885.475446952965,6148.262458092602,5737.212988860363,0.8311688311688312,33,21
Sweden-CV-multihorizon,MEx-ColaGNN-SE,1,2024/25,10:1,10,1,fold,14593.137445694545,6370.929607656271,8222.207838038275,0.8874458874458875,33,21
Sweden-CV-multihorizon,MEx-ColaGNN-SE,1,POOLED,2:1,2,1,pooled,47618.34034176479,24686.232732922355,22932.107608842434,0.6755651755651756,198,21
Sweden-CV-multihorizon,MEx-ColaGNN-SE,1,POOLED,3:1,3,1,pooled,63223.919871675316,29929.93561562737,33293.984256047945,0.7436267436267436,198,21
Sweden-CV-multihorizon,MEx-ColaGNN-SE,1,POOLED,5:1,5,1,pooled,80589.71383893612,38223.8412115038,42365.87262743232,0.8164983164983165,198,21
Sweden-CV-multihorizon,MEx-ColaGNN-SE,1,POOLED,10:1,10,1,pooled,111799.5841056066,51280.82547298084,60518.75863262577,0.8886483886483887,198,21
Sweden-CV-multihorizon,MEx-EpiGNN-SE,1,2018/19,2:1,2,1,fold,6625.167024113987,1671.1579738448154,4954.009050269171,0.7316017316017316,33,21
Sweden-CV-multihorizon,MEx-EpiGNN-SE,1,2018/19,3:1,3,1,fold,7873.036409622098,1838.7262762156413,6034.310133406457,0.7994227994227994,33,21
Sweden-CV-multihorizon,MEx-EpiGNN-SE,1,2018/19,5:1,5,1,fold,9381.164287377336,2283.5595873078983,7097.604700069438,0.8542568542568543,33,21
Sweden-CV-multihorizon,MEx-EpiGNN-SE,1,2018/19,10:1,10,1,fold,11666.58593358296,2600.9009371906695,9065.68499639229,0.9148629148629148,33,21
Sweden-CV-multihorizon,MEx-EpiGNN-SE,1,2019/20,2:1,2,1,fold,4339.867734887279,1711.998525077137,2627.8692098101415,0.7662337662337663,33,21
Sweden-CV-multihorizon,MEx-EpiGNN-SE,1,2019/20,3:1,3,1,fold,5376.988087398713,1825.3457734343303,3551.642313964382,0.8311688311688312,33,21
Sweden-CV-multihorizon,MEx-EpiGNN-SE,1,2019/20,5:1,5,1,fold,6807.347118728148,1776.877539836439,5030.469578891709,0.8917748917748918,33,21
Sweden-CV-multihorizon,MEx-EpiGNN-SE,1,2019/20,10:1,10,1,fold,8951.209950154116,1925.8710027068391,7025.338947447277,0.9437229437229437,33,21
Sweden-CV-multihorizon,MEx-EpiGNN-SE,1,2021/22,2:1,2,1,fold,11460.286050832128,8266.00038257091,3194.2856682612196,0.6190476190476191,33,21
Sweden-CV-multihorizon,MEx-EpiGNN-SE,1,2021/22,3:1,3,1,fold,15046.107996551886,11364.274192847697,3681.8338037041894,0.6738816738816739,33,21
Sweden-CV-multihorizon,MEx-EpiGNN-SE,1,2021/22,5:1,5,1,fold,21290.737117119916,16419.580806832313,4871.156310287601,0.7604617604617605,33,21
Sweden-CV-multihorizon,MEx-EpiGNN-SE,1,2021/22,10:1,10,1,fold,35026.280997081216,28184.193505241463,6842.08749183975,0.8326118326118326,33,21
Sweden-CV-multihorizon,MEx-EpiGNN-SE,1,2022/23,2:1,2,1,fold,11951.878622261538,6695.722835981827,5256.155786279713,0.6190476190476191,33,21
Sweden-CV-multihorizon,MEx-EpiGNN-SE,1,2022/23,3:1,3,1,fold,13904.826527486994,7624.412479699338,6280.414047787656,0.7041847041847041,33,21
Sweden-CV-multihorizon,MEx-EpiGNN-SE,1,2022/23,5:1,5,1,fold,17879.213997175044,9103.229912595936,8775.984084579106,0.7748917748917749,33,21
Sweden-CV-multihorizon,MEx-EpiGNN-SE,1,2022/23,10:1,10,1,fold,24744.93112066007,12744.108884930392,12000.822235729676,0.8643578643578643,33,21
Sweden-CV-multihorizon,MEx-EpiGNN-SE,1,2023/24,2:1,2,1,fold,7662.9100127198435,1553.7539310109541,6109.156081708889,0.7676767676767676,33,21
Sweden-CV-multihorizon,MEx-EpiGNN-SE,1,2023/24,3:1,3,1,fold,9065.669217583412,1586.9216809897139,7478.747536593699,0.8326118326118326,33,21
Sweden-CV-multihorizon,MEx-EpiGNN-SE,1,2023/24,5:1,5,1,fold,10999.601948229632,1487.7845248339572,9511.817423395678,0.8932178932178932,33,21
Sweden-CV-multihorizon,MEx-EpiGNN-SE,1,2023/24,10:1,10,1,fold,13609.866011779031,1548.7624916996228,12061.103520079409,0.9393939393939394,33,21
Sweden-CV-multihorizon,MEx-EpiGNN-SE,1,2024/25,2:1,2,1,fold,8764.076223935881,5769.713955311323,2994.3622686245585,0.6637806637806638,33,21
Sweden-CV-multihorizon,MEx-EpiGNN-SE,1,2024/25,3:1,3,1,fold,11035.305782033734,7167.922565828019,3867.383216205716,0.7316017316017316,33,21
Sweden-CV-multihorizon,MEx-EpiGNN-SE,1,2024/25,5:1,5,1,fold,13655.280471152748,8612.946894721701,5042.333576431048,0.7864357864357865,33,21
Sweden-CV-multihorizon,MEx-EpiGNN-SE,1,2024/25,10:1,10,1,fold,16103.156296108209,8502.617011465361,7600.539284642846,0.8614718614718615,33,21
Sweden-CV-multihorizon,MEx-EpiGNN-SE,1,POOLED,2:1,2,1,pooled,50804.18566875065,25668.347603796967,25135.838064953692,0.6945646945646946,198,21
Sweden-CV-multihorizon,MEx-EpiGNN-SE,1,POOLED,3:1,3,1,pooled,62301.93402067685,31407.60296901474,30894.3310516621,0.7621452621452621,198,21
Sweden-CV-multihorizon,MEx-EpiGNN-SE,1,POOLED,5:1,5,1,pooled,80013.34493978282,39683.97926612825,40329.36567365458,0.8268398268398268,198,21
Sweden-CV-multihorizon,MEx-EpiGNN-SE,1,POOLED,10:1,10,1,pooled,110102.0303093656,55506.45383323435,54595.576476131246,0.8927368927368927,198,21
Sweden-CV-multihorizon,Persistence,1,2018/19,2:1,2,1,fold,6222.728434076496,3318.337960181806,2904.3904738946894,0.7056277056277056,33,21
Sweden-CV-multihorizon,Persistence,1,2018/19,3:1,3,1,fold,7779.664945264911,3339.34756194916,4440.317383315751,0.7748917748917749,33,21
Sweden-CV-multihorizon,Persistence,1,2018/19,5:1,5,1,fold,9675.939971791535,3567.424039537822,6108.515932253713,0.8441558441558441,33,21
Sweden-CV-multihorizon,Persistence,1,2018/19,10:1,10,1,fold,12567.214776707317,3935.261609231277,8631.95316747604,0.9235209235209235,33,21
Sweden-CV-multihorizon,Persistence,1,2019/20,2:1,2,1,fold,4119.785224580816,2045.3933041156383,2074.3919204651784,0.7215007215007215,33,21
Sweden-CV-multihorizon,Persistence,1,2019/20,3:1,3,1,fold,5101.218038951145,2320.6914275164836,2780.526611434661,0.7965367965367965,33,21
Sweden-CV-multihorizon,Persistence,1,2019/20,5:1,5,1,fold,6431.007937361095,2032.1247641242455,4398.883173236851,0.8744588744588745,33,21
Sweden-CV-multihorizon,Persistence,1,2019/20,10:1,10,1,fold,8459.766612654968,1622.5815346895836,6837.185077965386,0.9422799422799423,33,21
Sweden-CV-multihorizon,Persistence,1,2021/22,2:1,2,1,fold,10818.26489968504,6984.107727502751,3834.1571721822884,0.6349206349206349,33,21
Sweden-CV-multihorizon,Persistence,1,2021/22,3:1,3,1,fold,13671.905412690227,8956.733466218808,4715.171946471419,0.6926406926406926,33,21
Sweden-CV-multihorizon,Persistence,1,2021/22,5:1,5,1,fold,18396.3675194198,12035.230770516951,6361.136748902848,0.7878787878787878,33,21
Sweden-CV-multihorizon,Persistence,1,2021/22,10:1,10,1,fold,28307.545714917003,20004.662614692068,8302.883100224932,0.8658008658008658,33,21
Sweden-CV-multihorizon,Persistence,1,2022/23,2:1,2,1,fold,13306.352566417288,5933.390273030493,7372.962293386796,0.7041847041847041,33,21
Sweden-CV-multihorizon,Persistence,1,2022/23,3:1,3,1,fold,16150.42814196751,7179.282284152576,8971.145857814932,0.7691197691197691,33,21
Sweden-CV-multihorizon,Persistence,1,2022/23,5:1,5,1,fold,20781.66181264012,9869.574467453993,10912.087345186126,0.810966810966811,33,21
Sweden-CV-multihorizon,Persistence,1,2022/23,10:1,10,1,fold,27560.44357309641,8808.177073293384,18752.266499803027,0.8874458874458875,33,21
Sweden-CV-multihorizon,Persistence,1,2023/24,2:1,2,1,fold,7387.510506072604,3557.8411825506337,3829.6693235219695,0.7041847041847041,33,21
Sweden-CV-multihorizon,Persistence,1,2023/24,3:1,3,1,fold,9468.139060335412,3660.9656732341496,5807.173387101264,0.7777777777777778,33,21
Sweden-CV-multihorizon,Persistence,1,2023/24,5:1,5,1,fold,11958.765996960414,3393.6697097197566,8565.096287240658,0.8715728715728716,33,21
Sweden-CV-multihorizon,Persistence,1,2023/24,10:1,10,1,fold,16809.57837317173,1662.1877532685394,15147.390619903192,0.9538239538239538,33,21
Sweden-CV-multihorizon,Persistence,1,2024/25,2:1,2,1,fold,9516.047759524925,5412.084727187692,4103.963032337232,0.6738816738816739,33,21
Sweden-CV-multihorizon,Persistence,1,2024/25,3:1,3,1,fold,11368.399614262244,5595.416474280152,5772.983139982092,0.7619047619047619,33,21
Sweden-CV-multihorizon,Persistence,1,2024/25,5:1,5,1,fold,13726.658657929298,6291.599157476194,7435.059500453104,0.834054834054834,33,21
Sweden-CV-multihorizon,Persistence,1,2024/25,10:1,10,1,fold,17899.70559135711,7577.067076325386,10322.638515031724,0.8975468975468975,33,21
Sweden-CV-multihorizon,Persistence,1,POOLED,2:1,2,1,pooled,51370.68939035717,27251.155174569016,24119.534215788153,0.6907166907166907,198,21
Sweden-CV-multihorizon,Persistence,1,POOLED,3:1,3,1,pooled,63539.75521347146,31052.436887351323,32487.31832612012,0.7621452621452621,198,21
Sweden-CV-multihorizon,Persistence,1,POOLED,5:1,5,1,pooled,80970.40189610227,37189.62290882896,43780.7789872733,0.8371813371813371,198,21
Sweden-CV-multihorizon,Persistence,1,POOLED,10:1,10,1,pooled,111604.25464190454,43609.93766150024,67994.3169804043,0.9117364117364117,198,21
Sweden-CV-multihorizon,SeasonalNaive,1,2018/19,2:1,2,1,fold,27952.621952361413,1148.5888565653804,26804.033095796036,0.8816738816738817,33,21
Sweden-CV-multihorizon,SeasonalNaive,1,2018/19,3:1,3,1,fold,33311.30663985266,1265.9125191684925,32045.39412068417,0.9206349206349206,33,21
Sweden-CV-multihorizon,SeasonalNaive,1,2018/19,5:1,5,1,fold,40516.61104023127,1125.7133626299928,39390.89767760127,0.9653679653679653,33,21
Sweden-CV-multihorizon,SeasonalNaive,1,2018/19,10:1,10,1,fold,47945.12264320708,1539.0594340733246,46406.06320913376,0.9754689754689755,33,21
Sweden-CV-multihorizon,SeasonalNaive,1,2019/20,2:1,2,1,fold,8199.315180847583,2896.994784011163,5302.32039683642,0.7821067821067821,33,21
Sweden-CV-multihorizon,SeasonalNaive,1,2019/20,3:1,3,1,fold,10684.61874914885,3169.819682810874,7514.799066337977,0.8455988455988456,33,21
Sweden-CV-multihorizon,SeasonalNaive,1,2019/20,5:1,5,1,fold,13785.293491221259,3717.222210224806,10068.071280996453,0.8874458874458875,33,21
Sweden-CV-multihorizon,SeasonalNaive,1,2019/20,10:1,10,1,fold,18975.104262685913,5206.546363936402,13768.55789874951,0.9321789321789322,33,21
Sweden-CV-multihorizon,SeasonalNaive,1,2021/22,2:1,2,1,fold,25434.70358155321,25169.85971804772,264.8438635054915,0.3593073593073593,33,21
Sweden-CV-multihorizon,SeasonalNaive,1,2021/22,3:1,3,1,fold,37423.405567324575,36909.756850061334,513.6487172632402,0.4025974025974026,33,21
Sweden-CV-multihorizon,SeasonalNaive,1,2021/22,5:1,5,1,fold,60449.389922252274,59422.646106575194,1026.7438156770834,0.44155844155844154,33,21
Sweden-CV-multihorizon,SeasonalNaive,1,2021/22,10:1,10,1,fold,113429.54659590118,111694.5468027854,1734.999793115795,0.5382395382395382,33,21
Sweden-CV-multihorizon,SeasonalNaive,1,2022/23,2:1,2,1,fold,61315.88888888888,33602.11111111111,27713.777777777774,0.46176046176046176,33,21
Sweden-CV-multihorizon,SeasonalNaive,1,2022/23,3:1,3,1,fold,76774.5,41563.5,35211.0,0.5093795093795094,33,21
Sweden-CV-multihorizon,SeasonalNaive,1,2022/23,5:1,5,1,fold,130986.83333333333,49509.16666666666,81477.66666666669,0.6637806637806638,33,21
Sweden-CV-multihorizon,SeasonalNaive,1,2022/23,10:1,10,1,fold,229292.81818181791,63386.36363636365,165906.45454545424,0.7647907647907648,33,21
Sweden-CV-multihorizon,SeasonalNaive,1,2023/24,2:1,2,1,fold,33539.36641807972,1644.05388529437,31895.312532785356,0.9062049062049062,33,21
Sweden-CV-multihorizon,SeasonalNaive,1,2023/24,3:1,3,1,fold,39822.93254993932,612.4351031904553,39210.497446748865,0.9595959595959596,33,21
Sweden-CV-multihorizon,SeasonalNaive,1,2023/24,5:1,5,1,fold,49089.97693556918,345.4669175665692,48744.51001800261,0.9826839826839827,33,21
Sweden-CV-multihorizon,SeasonalNaive,1,2023/24,10:1,10,1,fold,56966.36301649008,497.0955723396572,56469.26744415043,0.98989898989899,33,21
Sweden-CV-multihorizon,SeasonalNaive,1,2024/25,2:1,2,1,fold,32607.562743909977,27831.03105553902,4776.53168837096,0.5137085137085137,33,21
Sweden-CV-multihorizon,SeasonalNaive,1,2024/25,3:1,3,1,fold,44155.869795727755,38267.85969173433,5888.010103993421,0.5512265512265512,33,21
Sweden-CV-multihorizon,SeasonalNaive,1,2024/25,5:1,5,1,fold,65311.98358140883,57844.154731071,7467.828850337831,0.5901875901875901,33,21
Sweden-CV-multihorizon,SeasonalNaive,1,2024/25,10:1,10,1,fold,107405.3341208109,96808.2612615821,10597.0728592288,0.6522366522366523,33,21
Sweden-CV-multihorizon,SeasonalNaive,1,POOLED,2:1,2,1,pooled,189049.4587656408,92292.63941056875,96756.81935507203,0.6507936507936508,198,21
Sweden-CV-multihorizon,SeasonalNaive,1,POOLED,3:1,3,1,pooled,242172.63330199316,121789.2838469655,120383.34945502767,0.6981721981721982,198,21
Sweden-CV-multihorizon,SeasonalNaive,1,POOLED,5:1,5,1,pooled,360140.08830401616,171964.3699947342,188175.71830928192,0.7551707551707552,198,21
Sweden-CV-multihorizon,SeasonalNaive,1,POOLED,10:1,10,1,pooled,574014.2888209131,279131.87307108054,294882.4157498325,0.8088023088023089,198,21
Sweden-CV-multihorizon,MEx-ColaGNN-SE,2,2018/19,2:1,2,1,fold,8571.51789912284,2663.9061404177974,5907.611758705042,0.7359307359307359,33,21
Sweden-CV-multihorizon,MEx-ColaGNN-SE,2,2018/19,3:1,3,1,fold,11001.569174801782,2685.792891136392,8315.77628366539,0.8196248196248196,33,21
Sweden-CV-multihorizon,MEx-ColaGNN-SE,2,2018/19,5:1,5,1,fold,13263.119081649555,3470.2568758350762,9792.862205814477,0.8672438672438673,33,21
Sweden-CV-multihorizon,MEx-ColaGNN-SE,2,2018/19,10:1,10,1,fold,17111.50336984246,4473.15241860804,12638.350951234419,0.9018759018759018,33,21
Sweden-CV-multihorizon,MEx-ColaGNN-SE,2,2019/20,2:1,2,1,fold,5843.508779984846,1856.44334074451,3987.0654392403367,0.7806637806637806,33,21
Sweden-CV-multihorizon,MEx-ColaGNN-SE,2,2019/20,3:1,3,1,fold,7763.633927443952,1877.3312099186383,5886.302717525314,0.8571428571428571,33,21
Sweden-CV-multihorizon,MEx-ColaGNN-SE,2,2019/20,5:1,5,1,fold,10293.658065051286,1730.5039307849527,8563.154134266333,0.9191919191919192,33,21
Sweden-CV-multihorizon,MEx-ColaGNN-SE,2,2019/20,10:1,10,1,fold,13064.030186017204,1909.1669748378508,11154.863211179354,0.9494949494949495,33,21
Sweden-CV-multihorizon,MEx-ColaGNN-SE,2,2021/22,2:1,2,1,fold,17851.2948225368,12256.971591035042,5594.3232315017585,0.5411255411255411,33,21
Sweden-CV-multihorizon,MEx-ColaGNN-SE,2,2021/22,3:1,3,1,fold,23766.122977474704,17586.132709283353,6179.990268191352,0.5728715728715729,33,21
Sweden-CV-multihorizon,MEx-ColaGNN-SE,2,2021/22,5:1,5,1,fold,33564.35041617247,26133.625438972973,7430.724977199492,0.6334776334776335,33,21
Sweden-CV-multihorizon,MEx-ColaGNN-SE,2,2021/22,10:1,10,1,fold,57047.05478274097,46466.16047868229,10580.894304058678,0.7373737373737373,33,21
Sweden-CV-multihorizon,MEx-ColaGNN-SE,2,2022/23,2:1,2,1,fold,21978.344602710262,18278.572331446238,3699.772271264025,0.5411255411255411,33,21
Sweden-CV-multihorizon,MEx-ColaGNN-SE,2,2022/23,3:1,3,1,fold,26343.928614041848,19155.741774623726,7188.186839418122,0.6493506493506493,33,21
Sweden-CV-multihorizon,MEx-ColaGNN-SE,2,2022/23,5:1,5,1,fold,36128.17301587187,26143.402712417388,9984.770303454483,0.7301587301587301,33,21
Sweden-CV-multihorizon,MEx-ColaGNN-SE,2,2022/23,10:1,10,1,fold,54437.62539729811,31411.78344849879,23025.84194879932,0.8441558441558441,33,21
Sweden-CV-multihorizon,MEx-ColaGNN-SE,2,2023/24,2:1,2,1,fold,9406.37150926885,2153.316813558846,7253.054695710005,0.7994227994227994,33,21
Sweden-CV-multihorizon,MEx-ColaGNN-SE,2,2023/24,3:1,3,1,fold,11700.278953851164,2119.9283737127616,9580.350580138404,0.8571428571428571,33,21
Sweden-CV-multihorizon,MEx-ColaGNN-SE,2,2023/24,5:1,5,1,fold,17018.164099249454,1604.1891922459,15413.97490700355,0.9177489177489178,33,21
Sweden-CV-multihorizon,MEx-ColaGNN-SE,2,2023/24,10:1,10,1,fold,23782.46408683094,906.5595640605327,22875.90452277041,0.9653679653679653,33,21
Sweden-CV-multihorizon,MEx-ColaGNN-SE,2,2024/25,2:1,2,1,fold,10756.112986857623,5870.292331224262,4885.820655633361,0.6998556998556998,33,21
Sweden-CV-multihorizon,MEx-ColaGNN-SE,2,2024/25,3:1,3,1,fold,13326.619519314878,6516.13089200851,6810.488627306366,0.7705627705627706,33,21
Sweden-CV-multihorizon,MEx-ColaGNN-SE,2,2024/25,5:1,5,1,fold,16968.39752217893,7654.174307859663,9314.223214319267,0.8311688311688312,33,21
Sweden-CV-multihorizon,MEx-ColaGNN-SE,2,2024/25,10:1,10,1,fold,23063.993310366055,10027.353572031592,13036.639738334461,0.8975468975468975,33,21
Sweden-CV-multihorizon,MEx-ColaGNN-SE,2,POOLED,2:1,2,1,pooled,74407.15060048123,43079.502548426695,31327.64805205453,0.683020683020683,198,21
Sweden-CV-multihorizon,MEx-ColaGNN-SE,2,POOLED,3:1,3,1,pooled,93902.15316692833,49941.05785068338,43961.095316244944,0.7544492544492545,198,21
Sweden-CV-multihorizon,MEx-ColaGNN-SE,2,POOLED,5:1,5,1,pooled,127235.86220017356,66736.15245811595,60499.7097420576,0.8164983164983165,198,21
Sweden-CV-multihorizon,MEx-ColaGNN-SE,2,POOLED,10:1,10,1,pooled,188506.67113309575,95194.1764567191,93312.49467637663,0.8826358826358827,198,21
Sweden-CV-multihorizon,MEx-EpiGNN-SE,2,2018/19,2:1,2,1,fold,11245.75804570355,2358.839091771899,8886.918953931649,0.8066378066378066,33,21
Sweden-CV-multihorizon,MEx-EpiGNN-SE,2,2018/19,3:1,3,1,fold,13864.74194140607,2637.340913448951,11227.40102795712,0.86002886002886,33,21
Sweden-CV-multihorizon,MEx-EpiGNN-SE,2,2018/19,5:1,5,1,fold,16498.487076102807,2864.6665611953495,13633.820514907457,0.9134199134199135,33,21
Sweden-CV-multihorizon,MEx-EpiGNN-SE,2,2018/19,10:1,10,1,fold,20765.990995827422,2931.30771908405,17834.683276743373,0.9451659451659452,33,21
Sweden-CV-multihorizon,MEx-EpiGNN-SE,2,2019/20,2:1,2,1,fold,5965.754095953285,1657.9315860265635,4307.822509926722,0.8008658008658008,33,21
Sweden-CV-multihorizon,MEx-EpiGNN-SE,2,2019/20,3:1,3,1,fold,7609.40137903976,1619.9190422736194,5989.48233676614,0.8585858585858586,33,21
Sweden-CV-multihorizon,MEx-EpiGNN-SE,2,2019/20,5:1,5,1,fold,10427.471547741077,1410.2114890692446,9017.260058671833,0.9408369408369408,33,21
Sweden-CV-multihorizon,MEx-EpiGNN-SE,2,2019/20,10:1,10,1,fold,13178.011666010225,1584.1289166029146,11593.882749407312,0.9725829725829725,33,21
Sweden-CV-multihorizon,MEx-EpiGNN-SE,2,2021/22,2:1,2,1,fold,17736.590695696912,13235.359415699018,4501.231279997895,0.6031746031746031,33,21
Sweden-CV-multihorizon,MEx-EpiGNN-SE,2,2021/22,3:1,3,1,fold,23677.72353349045,18539.949504116616,5137.774029373835,0.6320346320346321,33,21
Sweden-CV-multihorizon,MEx-EpiGNN-SE,2,2021/22,5:1,5,1,fold,33860.2975251378,27194.70417434457,6665.593350793237,0.7200577200577201,33,21
Sweden-CV-multihorizon,MEx-EpiGNN-SE,2,2021/22,10:1,10,1,fold,57253.94657240261,48515.42383172469,8738.522740677903,0.8080808080808081,33,21
Sweden-CV-multihorizon,MEx-EpiGNN-SE,2,2022/23,2:1,2,1,fold,18703.351577719226,14891.905280844072,3811.446296875154,0.47186147186147187,33,21
Sweden-CV-multihorizon,MEx-EpiGNN-SE,2,2022/23,3:1,3,1,fold,24612.838090608086,19817.91553423198,4794.922556376109,0.5209235209235209,33,21
Sweden-CV-multihorizon,MEx-EpiGNN-SE,2,2022/23,5:1,5,1,fold,30383.151917312043,21556.32763734024,8826.8242799718,0.6176046176046176,33,21
Sweden-CV-multihorizon,MEx-EpiGNN-SE,2,2022/23,10:1,10,1,fold,53483.02008199757,33200.21996198781,20282.80012000976,0.7258297258297258,33,21
Sweden-CV-multihorizon,MEx-EpiGNN-SE,2,2023/24,2:1,2,1,fold,13378.295340607978,1264.8785203005082,12113.41682030747,0.8658008658008658,33,21
Sweden-CV-multihorizon,MEx-EpiGNN-SE,2,2023/24,3:1,3,1,fold,15795.848399103435,1133.8027042878343,14662.045694815599,0.9062049062049062,33,21
Sweden-CV-multihorizon,MEx-EpiGNN-SE,2,2023/24,5:1,5,1,fold,19259.648944000677,889.9090372326855,18369.739906767994,0.948051948051948,33,21
Sweden-CV-multihorizon,MEx-EpiGNN-SE,2,2023/24,10:1,10,1,fold,24202.725198322878,857.2940411861733,23345.431157136707,0.9783549783549783,33,21
Sweden-CV-multihorizon,MEx-EpiGNN-SE,2,2024/25,2:1,2,1,fold,13194.136149688307,9794.86290162517,3399.273248063138,0.6277056277056277,33,21
Sweden-CV-multihorizon,MEx-EpiGNN-SE,2,2024/25,3:1,3,1,fold,16327.889049029987,11979.946925303528,4347.94212372646,0.6868686868686869,33,21
Sweden-CV-multihorizon,MEx-EpiGNN-SE,2,2024/25,5:1,5,1,fold,20281.423095428778,14361.704109803923,5919.718985624853,0.7546897546897547,33,21
Sweden-CV-multihorizon,MEx-EpiGNN-SE,2,2024/25,10:1,10,1,fold,28090.79425209669,18912.096123344632,9178.698128752058,0.8383838383838383,33,21
Sweden-CV-multihorizon,MEx-EpiGNN-SE,2,POOLED,2:1,2,1,pooled,80223.88590536926,43203.77679626724,37020.10910910203,0.696007696007696,198,21
Sweden-CV-multihorizon,MEx-EpiGNN-SE,2,POOLED,3:1,3,1,pooled,101888.4423926778,55728.87462366253,46159.567769015266,0.7441077441077442,198,21
Sweden-CV-multihorizon,MEx-EpiGNN-SE,2,POOLED,5:1,5,1,pooled,130710.4801057232,68277.52300898601,62432.95709673717,0.8157768157768158,198,21
Sweden-CV-multihorizon,MEx-EpiGNN-SE,2,POOLED,10:1,10,1,pooled,196974.48876665736,106000.47059393028,90974.01817272711,0.8780663780663781,198,21
Sweden-CV-multihorizon,Persistence,2,2018/19,2:1,2,1,fold,9410.675073210292,5221.801679136625,4188.873394073666,0.7027417027417028,33,21
Sweden-CV-multihorizon,Persistence,2,2018/19,3:1,3,1,fold,12188.504085121027,5278.7746690172935,6909.7294161037335,0.7878787878787878,33,21
Sweden-CV-multihorizon,Persistence,2,2018/19,5:1,5,1,fold,15775.555007531399,5224.2655875184655,10551.289420012932,0.8672438672438673,33,21
Sweden-CV-multihorizon,Persistence,2,2018/19,10:1,10,1,fold,21108.70612838671,5390.157149617229,15718.548978769482,0.9206349206349206,33,21
Sweden-CV-multihorizon,Persistence,2,2019/20,2:1,2,1,fold,6437.6832981406205,3388.9726208029297,3048.7106773376913,0.7012987012987013,33,21
Sweden-CV-multihorizon,Persistence,2,2019/20,3:1,3,1,fold,7869.234600882915,3517.455400914873,4351.779199968043,0.7936507936507936,33,21
Sweden-CV-multihorizon,Persistence,2,2019/20,5:1,5,1,fold,9612.11860048363,2276.5869804029535,7335.531620080676,0.8787878787878788,33,21
Sweden-CV-multihorizon,Persistence,2,2019/20,10:1,10,1,fold,15081.346205100499,1559.5886202264523,13521.757584874047,0.9523809523809523,33,21
Sweden-CV-multihorizon,Persistence,2,2021/22,2:1,2,1,fold,18370.194699933934,11647.604212513368,6722.590487420566,0.6493506493506493,33,21
Sweden-CV-multihorizon,Persistence,2,2021/22,3:1,3,1,fold,23928.578982687082,16086.281418444243,7842.297564242841,0.7113997113997114,33,21
Sweden-CV-multihorizon,Persistence,2,2021/22,5:1,5,1,fold,33950.28047823183,23908.469687677556,10041.810790554275,0.7777777777777778,33,21
Sweden-CV-multihorizon,Persistence,2,2021/22,10:1,10,1,fold,55577.469812295196,42305.13972337984,13272.330088915358,0.847041847041847,33,21
Sweden-CV-multihorizon,Persistence,2,2022/23,2:1,2,1,fold,20788.78896955979,15960.953973858146,4827.834995701643,0.6161616161616161,33,21
Sweden-CV-multihorizon,Persistence,2,2022/23,3:1,3,1,fold,28288.754109938265,20660.184616026578,7628.569493911689,0.7243867243867244,33,21
Sweden-CV-multihorizon,Persistence,2,2022/23,5:1,5,1,fold,40878.710886361296,21344.22321151684,19534.487674844455,0.8196248196248196,33,21
Sweden-CV-multihorizon,Persistence,2,2022/23,10:1,10,1,fold,56730.063019632,25083.887356959505,31646.175662672496,0.8845598845598845,33,21
Sweden-CV-multihorizon,Persistence,2,2023/24,2:1,2,1,fold,11298.692286385043,7225.649993419667,4073.0422929653755,0.7027417027417028,33,21
Sweden-CV-multihorizon,Persistence,2,2023/24,3:1,3,1,fold,15146.164028887397,8168.414600801577,6977.74942808582,0.8037518037518038,33,21
Sweden-CV-multihorizon,Persistence,2,2023/24,5:1,5,1,fold,20480.689800007334,7926.13120065176,12554.558599355576,0.8831168831168831,33,21
Sweden-CV-multihorizon,Persistence,2,2023/24,10:1,10,1,fold,31886.31978503273,3329.6764602328994,28556.64332479983,0.961038961038961,33,21
Sweden-CV-multihorizon,Persistence,2,2024/25,2:1,2,1,fold,16213.959989905878,11547.323853762304,4666.636136143571,0.6305916305916306,33,21
Sweden-CV-multihorizon,Persistence,2,2024/25,3:1,3,1,fold,20559.157622093968,14099.914624406978,6459.242997686991,0.683982683982684,33,21
Sweden-CV-multihorizon,Persistence,2,2024/25,5:1,5,1,fold,25397.341228845125,16231.475666070763,9165.865562774363,0.7619047619047619,33,21
Sweden-CV-multihorizon,Persistence,2,2024/25,10:1,10,1,fold,32805.8646663083,15550.796620803947,17255.068045504355,0.873015873015873,33,21
Sweden-CV-multihorizon,Persistence,2,POOLED,2:1,2,1,pooled,82519.99431713557,54992.30633349305,27527.687983642514,0.6671476671476672,198,21
Sweden-CV-multihorizon,Persistence,2,POOLED,3:1,3,1,pooled,107980.39342961065,67811.02532961154,40169.36809999912,0.7508417508417509,198,21
Sweden-CV-multihorizon,Persistence,2,POOLED,5:1,5,1,pooled,146094.6960014606,76911.15233383834,69183.54366762227,0.8314093314093314,198,21
Sweden-CV-multihorizon,Persistence,2,POOLED,10:1,10,1,pooled,213189.76961675542,93219.24593121986,119970.52368553556,0.9064454064454065,198,21
Sweden-CV-multihorizon,SeasonalNaive,2,2018/19,2:1,2,1,fold,27952.621952361413,1148.5888565653804,26804.033095796036,0.8816738816738817,33,21
Sweden-CV-multihorizon,SeasonalNaive,2,2018/19,3:1,3,1,fold,33311.30663985266,1265.9125191684925,32045.39412068417,0.9206349206349206,33,21
Sweden-CV-multihorizon,SeasonalNaive,2,2018/19,5:1,5,1,fold,40516.61104023127,1125.7133626299928,39390.89767760127,0.9653679653679653,33,21
Sweden-CV-multihorizon,SeasonalNaive,2,2018/19,10:1,10,1,fold,47945.12264320708,1539.0594340733246,46406.06320913376,0.9754689754689755,33,21
Sweden-CV-multihorizon,SeasonalNaive,2,2019/20,2:1,2,1,fold,8199.315180847583,2896.994784011163,5302.32039683642,0.7821067821067821,33,21
Sweden-CV-multihorizon,SeasonalNaive,2,2019/20,3:1,3,1,fold,10684.61874914885,3169.819682810874,7514.799066337977,0.8455988455988456,33,21
Sweden-CV-multihorizon,SeasonalNaive,2,2019/20,5:1,5,1,fold,13785.293491221259,3717.222210224806,10068.071280996453,0.8874458874458875,33,21
Sweden-CV-multihorizon,SeasonalNaive,2,2019/20,10:1,10,1,fold,18975.104262685913,5206.546363936402,13768.55789874951,0.9321789321789322,33,21
Sweden-CV-multihorizon,SeasonalNaive,2,2021/22,2:1,2,1,fold,25434.70358155321,25169.85971804772,264.8438635054915,0.3593073593073593,33,21
Sweden-CV-multihorizon,SeasonalNaive,2,2021/22,3:1,3,1,fold,37423.405567324575,36909.756850061334,513.6487172632402,0.4025974025974026,33,21
Sweden-CV-multihorizon,SeasonalNaive,2,2021/22,5:1,5,1,fold,60449.389922252274,59422.646106575194,1026.7438156770834,0.44155844155844154,33,21
Sweden-CV-multihorizon,SeasonalNaive,2,2021/22,10:1,10,1,fold,113429.54659590118,111694.5468027854,1734.999793115795,0.5382395382395382,33,21
Sweden-CV-multihorizon,SeasonalNaive,2,2022/23,2:1,2,1,fold,61315.88888888888,33602.11111111111,27713.777777777774,0.46176046176046176,33,21
Sweden-CV-multihorizon,SeasonalNaive,2,2022/23,3:1,3,1,fold,76774.5,41563.5,35211.0,0.5093795093795094,33,21
Sweden-CV-multihorizon,SeasonalNaive,2,2022/23,5:1,5,1,fold,130986.83333333333,49509.16666666666,81477.66666666669,0.6637806637806638,33,21
Sweden-CV-multihorizon,SeasonalNaive,2,2022/23,10:1,10,1,fold,229292.81818181791,63386.36363636365,165906.45454545424,0.7647907647907648,33,21
Sweden-CV-multihorizon,SeasonalNaive,2,2023/24,2:1,2,1,fold,33539.36641807972,1644.05388529437,31895.312532785356,0.9062049062049062,33,21
Sweden-CV-multihorizon,SeasonalNaive,2,2023/24,3:1,3,1,fold,39822.93254993932,612.4351031904553,39210.497446748865,0.9595959595959596,33,21
Sweden-CV-multihorizon,SeasonalNaive,2,2023/24,5:1,5,1,fold,49089.97693556918,345.4669175665692,48744.51001800261,0.9826839826839827,33,21
Sweden-CV-multihorizon,SeasonalNaive,2,2023/24,10:1,10,1,fold,56966.36301649008,497.0955723396572,56469.26744415043,0.98989898989899,33,21
Sweden-CV-multihorizon,SeasonalNaive,2,2024/25,2:1,2,1,fold,32607.562743909977,27831.03105553902,4776.53168837096,0.5137085137085137,33,21
Sweden-CV-multihorizon,SeasonalNaive,2,2024/25,3:1,3,1,fold,44155.869795727755,38267.85969173433,5888.010103993421,0.5512265512265512,33,21
Sweden-CV-multihorizon,SeasonalNaive,2,2024/25,5:1,5,1,fold,65311.98358140883,57844.154731071,7467.828850337831,0.5901875901875901,33,21
Sweden-CV-multihorizon,SeasonalNaive,2,2024/25,10:1,10,1,fold,107405.3341208109,96808.2612615821,10597.0728592288,0.6522366522366523,33,21
Sweden-CV-multihorizon,SeasonalNaive,2,POOLED,2:1,2,1,pooled,189049.4587656408,92292.63941056875,96756.81935507203,0.6507936507936508,198,21
Sweden-CV-multihorizon,SeasonalNaive,2,POOLED,3:1,3,1,pooled,242172.63330199316,121789.2838469655,120383.34945502767,0.6981721981721982,198,21
Sweden-CV-multihorizon,SeasonalNaive,2,POOLED,5:1,5,1,pooled,360140.08830401616,171964.3699947342,188175.71830928192,0.7551707551707552,198,21
Sweden-CV-multihorizon,SeasonalNaive,2,POOLED,10:1,10,1,pooled,574014.2888209131,279131.87307108054,294882.4157498325,0.8088023088023089,198,21
Sweden-CV-multihorizon,MEx-ColaGNN-SE,3,2018/19,2:1,2,1,fold,10822.88085685855,4324.0775930219825,6498.803263836568,0.7215007215007215,33,21
Sweden-CV-multihorizon,MEx-ColaGNN-SE,3,2018/19,3:1,3,1,fold,13958.643666174463,5198.3596693674845,8760.283996806978,0.7792207792207793,33,21
Sweden-CV-multihorizon,MEx-ColaGNN-SE,3,2018/19,5:1,5,1,fold,18447.077118401266,6920.66531503389,11526.411803367377,0.8253968253968254,33,21
Sweden-CV-multihorizon,MEx-ColaGNN-SE,3,2018/19,10:1,10,1,fold,25192.94108401273,10183.758267625304,15009.182816387427,0.8802308802308803,33,21
Sweden-CV-multihorizon,MEx-ColaGNN-SE,3,2019/20,2:1,2,1,fold,6899.793263672098,1695.371514099322,5204.421749572775,0.7994227994227994,33,21
Sweden-CV-multihorizon,MEx-ColaGNN-SE,3,2019/20,3:1,3,1,fold,9219.80984897837,1700.3288815924009,7519.480967385969,0.8787878787878788,33,21
Sweden-CV-multihorizon,MEx-ColaGNN-SE,3,2019/20,5:1,5,1,fold,12063.402778773949,1890.5956309709538,10172.807147802996,0.9264069264069265,33,21
Sweden-CV-multihorizon,MEx-ColaGNN-SE,3,2019/20,10:1,10,1,fold,17509.48166642608,2234.803277672853,15274.678388753224,0.961038961038961,33,21
Sweden-CV-multihorizon,MEx-ColaGNN-SE,3,2021/22,2:1,2,1,fold,22590.078919242624,15694.12676064462,6895.952158598,0.5454545454545454,33,21
Sweden-CV-multihorizon,MEx-ColaGNN-SE,3,2021/22,3:1,3,1,fold,30072.950994853592,22322.030578791375,7750.920416062217,0.5743145743145743,33,21
Sweden-CV-multihorizon,MEx-ColaGNN-SE,3,2021/22,5:1,5,1,fold,43267.0388856916,33824.8706467977,9442.168238893897,0.6363636363636364,33,21
Sweden-CV-multihorizon,MEx-ColaGNN-SE,3,2021/22,10:1,10,1,fold,72680.88333991995,60485.201516851856,12195.681823068084,0.6984126984126984,33,21
Sweden-CV-multihorizon,MEx-ColaGNN-SE,3,2022/23,2:1,2,1,fold,30371.316618017987,27975.935468694144,2395.3811493238477,0.4935064935064935,33,21
Sweden-CV-multihorizon,MEx-ColaGNN-SE,3,2022/23,3:1,3,1,fold,35350.90187852957,30475.51167189251,4875.390206637061,0.6118326118326118,33,21
Sweden-CV-multihorizon,MEx-ColaGNN-SE,3,2022/23,5:1,5,1,fold,46119.46670263521,35899.14374329605,10220.322959339166,0.7417027417027418,33,21
Sweden-CV-multihorizon,MEx-ColaGNN-SE,3,2022/23,10:1,10,1,fold,66480.98024711652,37244.36636001946,29236.613887097046,0.862914862914863,33,21
Sweden-CV-multihorizon,MEx-ColaGNN-SE,3,2023/24,2:1,2,1,fold,10994.01623659072,3520.296945765855,7473.719290824865,0.8066378066378066,33,21
Sweden-CV-multihorizon,MEx-ColaGNN-SE,3,2023/24,3:1,3,1,fold,14353.07340149289,3743.8126655918904,10609.260735901,0.8715728715728716,33,21
Sweden-CV-multihorizon,MEx-ColaGNN-SE,3,2023/24,5:1,5,1,fold,19932.839634212978,3096.723279307459,16836.116354905516,0.924963924963925,33,21
Sweden-CV-multihorizon,MEx-ColaGNN-SE,3,2023/24,10:1,10,1,fold,36443.47645623839,1221.2182993755696,35222.25815686282,0.9711399711399712,33,21
Sweden-CV-multihorizon,MEx-ColaGNN-SE,3,2024/25,2:1,2,1,fold,13008.927220675396,6958.618317556411,6050.308903118986,0.7085137085137085,33,21
Sweden-CV-multihorizon,MEx-ColaGNN-SE,3,2024/25,3:1,3,1,fold,15867.983895612713,7545.434553333545,8322.54934227917,0.7821067821067821,33,21
Sweden-CV-multihorizon,MEx-ColaGNN-SE,3,2024/25,5:1,5,1,fold,19947.09777877163,8589.47759045724,11357.62018831439,0.8484848484848485,33,21
Sweden-CV-multihorizon,MEx-ColaGNN-SE,3,2024/25,10:1,10,1,fold,27058.411135385602,10696.312868792822,16362.09826659278,0.898989898989899,33,21
Sweden-CV-multihorizon,MEx-ColaGNN-SE,3,POOLED,2:1,2,1,pooled,94687.01311505737,60168.42659978233,34518.58651527504,0.6791726791726792,198,21
Sweden-CV-multihorizon,MEx-ColaGNN-SE,3,POOLED,3:1,3,1,pooled,118823.3636856416,70985.4780205692,47837.8856650724,0.7496392496392497,198,21
Sweden-CV-multihorizon,MEx-ColaGNN-SE,3,POOLED,5:1,5,1,pooled,159776.92289848663,90221.47620586329,69555.44669262334,0.8172198172198172,198,21
Sweden-CV-multihorizon,MEx-ColaGNN-SE,3,POOLED,10:1,10,1,pooled,245366.17392909928,122065.6605903379,123300.5133387614,0.8787878787878788,198,21
Sweden-CV-multihorizon,MEx-EpiGNN-SE,3,2018/19,2:1,2,1,fold,10988.344868730801,4222.56663902398,6765.778229706821,0.7215007215007215,33,21
Sweden-CV-multihorizon,MEx-EpiGNN-SE,3,2018/19,3:1,3,1,fold,13262.071035562527,4756.249748085619,8505.821287476909,0.7936507936507936,33,21
Sweden-CV-multihorizon,MEx-EpiGNN-SE,3,2018/19,5:1,5,1,fold,16823.681324615114,4962.24502370928,11861.436300905836,0.8672438672438673,33,21
Sweden-CV-multihorizon,MEx-EpiGNN-SE,3,2018/19,10:1,10,1,fold,21009.45824005586,3943.0351294762377,17066.423110579624,0.9292929292929293,33,21
Sweden-CV-multihorizon,MEx-EpiGNN-SE,3,2019/20,2:1,2,1,fold,7638.426600016736,1517.2386100435951,6121.187989973142,0.86002886002886,33,21
Sweden-CV-multihorizon,MEx-EpiGNN-SE,3,2019/20,3:1,3,1,fold,10059.704223249457,1403.8752264978414,8655.828996751616,0.9163059163059163,33,21
Sweden-CV-multihorizon,MEx-EpiGNN-SE,3,2019/20,5:1,5,1,fold,13337.604007287879,1740.099495663858,11597.504511624022,0.948051948051948,33,21
Sweden-CV-multihorizon,MEx-EpiGNN-SE,3,2019/20,10:1,10,1,fold,17962.59116397124,2068.0143451303443,15894.576818840895,0.963924963924964,33,21
Sweden-CV-multihorizon,MEx-EpiGNN-SE,3,2021/22,2:1,2,1,fold,21283.5633424742,14850.797641200135,6432.765701274066,0.5829725829725829,33,21
Sweden-CV-multihorizon,MEx-EpiGNN-SE,3,2021/22,3:1,3,1,fold,28328.128339005034,20851.84450734384,7476.283831661191,0.6349206349206349,33,21
Sweden-CV-multihorizon,MEx-EpiGNN-SE,3,2021/22,5:1,5,1,fold,41148.83481043618,32086.354827831008,9062.47998260517,0.6984126984126984,33,21
Sweden-CV-multihorizon,MEx-EpiGNN-SE,3,2021/22,10:1,10,1,fold,69098.47661614587,57502.43012488739,11596.04649125848,0.7734487734487735,33,21
Sweden-CV-multihorizon,MEx-EpiGNN-SE,3,2022/23,2:1,2,1,fold,25631.582577005785,22897.635857684727,2733.9467193210617,0.46176046176046176,33,21
Sweden-CV-multihorizon,MEx-EpiGNN-SE,3,2022/23,3:1,3,1,fold,29299.845161926816,22399.79197423366,6900.053187693154,0.5988455988455988,33,21
Sweden-CV-multihorizon,MEx-EpiGNN-SE,3,2022/23,5:1,5,1,fold,38811.20529895199,28134.93246229686,10676.272836655135,0.7041847041847041,33,21
Sweden-CV-multihorizon,MEx-EpiGNN-SE,3,2022/23,10:1,10,1,fold,57669.32667626715,32218.35171290346,25450.97496336369,0.8297258297258298,33,21
Sweden-CV-multihorizon,MEx-EpiGNN-SE,3,2023/24,2:1,2,1,fold,12468.7295976551,2232.2657738104035,10236.463823844697,0.84992784992785,33,21
Sweden-CV-multihorizon,MEx-EpiGNN-SE,3,2023/24,3:1,3,1,fold,17248.058446992465,1443.8729043972426,15804.18554259522,0.9292929292929293,33,21
Sweden-CV-multihorizon,MEx-EpiGNN-SE,3,2023/24,5:1,5,1,fold,23186.885441334576,1091.7510500231049,22095.13439131147,0.9624819624819625,33,21
Sweden-CV-multihorizon,MEx-EpiGNN-SE,3,2023/24,10:1,10,1,fold,31930.669961147745,984.938029010055,30945.731932137693,0.9855699855699855,33,21
Sweden-CV-multihorizon,MEx-EpiGNN-SE,3,2024/25,2:1,2,1,fold,16358.58456014284,10332.737037198878,6025.847522943961,0.6911976911976911,33,21
Sweden-CV-multihorizon,MEx-EpiGNN-SE,3,2024/25,3:1,3,1,fold,20371.241391318683,12751.403866543093,7619.837524775587,0.7258297258297258,33,21
Sweden-CV-multihorizon,MEx-EpiGNN-SE,3,2024/25,5:1,5,1,fold,25815.2785784663,15684.719998151302,10130.558580315,0.7950937950937951,33,21
Sweden-CV-multihorizon,MEx-EpiGNN-SE,3,2024/25,10:1,10,1,fold,34583.90037109141,20217.995861605,14365.904509486412,0.8715728715728716,33,21
Sweden-CV-multihorizon,MEx-EpiGNN-SE,3,POOLED,2:1,2,1,pooled,94369.23154602546,56053.241558961716,38315.989987063746,0.6945646945646946,198,21
Sweden-CV-multihorizon,MEx-EpiGNN-SE,3,POOLED,3:1,3,1,pooled,118569.04859805496,63607.03822710129,54962.01037095367,0.7664742664742664,198,21
Sweden-CV-multihorizon,MEx-EpiGNN-SE,3,POOLED,5:1,5,1,pooled,159123.48946109205,83700.1028576754,75423.38660341664,0.8292448292448292,198,21
Sweden-CV-multihorizon,MEx-EpiGNN-SE,3,POOLED,10:1,10,1,pooled,232254.42302867927,116934.76520301247,115319.65782566679,0.8922558922558923,198,21
Sweden-CV-multihorizon,Persistence,3,2018/19,2:1,2,1,fold,12158.830402948111,7036.218530784647,5122.611872163465,0.7142857142857143,33,21
Sweden-CV-multihorizon,Persistence,3,2018/19,3:1,3,1,fold,15593.161189898898,6204.95745515082,9388.203734748078,0.7893217893217893,33,21
Sweden-CV-multihorizon,Persistence,3,2018/19,5:1,5,1,fold,20073.573358631707,5651.406773661071,14422.166584970637,0.873015873015873,33,21
Sweden-CV-multihorizon,Persistence,3,2018/19,10:1,10,1,fold,26379.253928525843,5552.529198343871,20826.724730181973,0.9292929292929293,33,21
Sweden-CV-multihorizon,Persistence,3,2019/20,2:1,2,1,fold,8179.772453933032,3871.049840411398,4308.722613521633,0.7113997113997114,33,21
Sweden-CV-multihorizon,Persistence,3,2019/20,3:1,3,1,fold,10221.223067069626,3617.943903295036,6603.27916377459,0.8066378066378066,33,21
Sweden-CV-multihorizon,Persistence,3,2019/20,5:1,5,1,fold,13882.109337326281,2108.3978637535893,11773.711473572692,0.9177489177489178,33,21
Sweden-CV-multihorizon,Persistence,3,2019/20,10:1,10,1,fold,19411.919451762937,1992.5184366642175,17419.40101509872,0.9653679653679653,33,21
Sweden-CV-multihorizon,Persistence,3,2021/22,2:1,2,1,fold,23440.31147988283,15431.404587251876,8008.906892630957,0.6277056277056277,33,21
Sweden-CV-multihorizon,Persistence,3,2021/22,3:1,3,1,fold,31001.732694228394,20883.937650223816,10117.79504400458,0.7316017316017316,33,21
Sweden-CV-multihorizon,Persistence,3,2021/22,5:1,5,1,fold,44515.21627559308,31780.210004476423,12735.006271116654,0.7950937950937951,33,21
Sweden-CV-multihorizon,Persistence,3,2021/22,10:1,10,1,fold,73683.69895077417,57305.68248721582,16378.016463558362,0.8311688311688312,33,21
Sweden-CV-multihorizon,Persistence,3,2022/23,2:1,2,1,fold,27873.239468243635,24488.332313693158,3384.9071545504758,0.5396825396825397,33,21
Sweden-CV-multihorizon,Persistence,3,2022/23,3:1,3,1,fold,37620.54294755418,31871.66057111733,5748.882376436857,0.6536796536796536,33,21
Sweden-CV-multihorizon,Persistence,3,2022/23,5:1,5,1,fold,49971.931982482434,36593.75148487411,13378.180497608326,0.772005772005772,33,21
Sweden-CV-multihorizon,Persistence,3,2022/23,10:1,10,1,fold,73525.72254659855,40049.54796486125,33476.17458173729,0.8759018759018758,33,21
Sweden-CV-multihorizon,Persistence,3,2023/24,2:1,2,1,fold,14939.432431637553,8979.862131343883,5959.570300293668,0.7070707070707071,33,21
Sweden-CV-multihorizon,Persistence,3,2023/24,3:1,3,1,fold,20346.241333588765,9942.488945666646,10403.752387922115,0.7878787878787878,33,21
Sweden-CV-multihorizon,Persistence,3,2023/24,5:1,5,1,fold,28073.46926582537,9816.530964436206,18256.938301389167,0.886002886002886,33,21
Sweden-CV-multihorizon,Persistence,3,2023/24,10:1,10,1,fold,44865.703886967225,4236.079650412681,40629.62423655455,0.961038961038961,33,21
Sweden-CV-multihorizon,Persistence,3,2024/25,2:1,2,1,fold,21436.801312335203,16886.548900656097,4550.252411679107,0.6017316017316018,33,21
Sweden-CV-multihorizon,Persistence,3,2024/25,3:1,3,1,fold,28620.115431022037,22693.539707604577,5926.575723417456,0.6507936507936508,33,21
Sweden-CV-multihorizon,Persistence,3,2024/25,5:1,5,1,fold,38052.203015857114,27625.643621702846,10426.559394154272,0.7402597402597403,33,21
Sweden-CV-multihorizon,Persistence,3,2024/25,10:1,10,1,fold,53226.119366531595,30929.07747325343,22297.041893278165,0.8585858585858586,33,21
Sweden-CV-multihorizon,Persistence,3,POOLED,2:1,2,1,pooled,108028.38754898036,76693.41630414105,31334.971244839304,0.6503126503126503,198,21
Sweden-CV-multihorizon,Persistence,3,POOLED,3:1,3,1,pooled,143403.01666336192,95214.5282330582,48188.488430303674,0.7366522366522367,198,21
Sweden-CV-multihorizon,Persistence,3,POOLED,5:1,5,1,pooled,194568.50323571597,113575.94071290424,80992.56252281176,0.8306878306878307,198,21
Sweden-CV-multihorizon,Persistence,3,POOLED,10:1,10,1,pooled,291092.4181311603,140065.43521075125,151026.98292040906,0.9035594035594036,198,21
Sweden-CV-multihorizon,SeasonalNaive,3,2018/19,2:1,2,1,fold,27952.621952361413,1148.5888565653804,26804.033095796036,0.8816738816738817,33,21
Sweden-CV-multihorizon,SeasonalNaive,3,2018/19,3:1,3,1,fold,33311.30663985266,1265.9125191684925,32045.39412068417,0.9206349206349206,33,21
Sweden-CV-multihorizon,SeasonalNaive,3,2018/19,5:1,5,1,fold,40516.61104023127,1125.7133626299928,39390.89767760127,0.9653679653679653,33,21
Sweden-CV-multihorizon,SeasonalNaive,3,2018/19,10:1,10,1,fold,47945.12264320708,1539.0594340733246,46406.06320913376,0.9754689754689755,33,21
Sweden-CV-multihorizon,SeasonalNaive,3,2019/20,2:1,2,1,fold,8199.315180847583,2896.994784011163,5302.32039683642,0.7821067821067821,33,21
Sweden-CV-multihorizon,SeasonalNaive,3,2019/20,3:1,3,1,fold,10684.61874914885,3169.819682810874,7514.799066337977,0.8455988455988456,33,21
Sweden-CV-multihorizon,SeasonalNaive,3,2019/20,5:1,5,1,fold,13785.293491221259,3717.222210224806,10068.071280996453,0.8874458874458875,33,21
Sweden-CV-multihorizon,SeasonalNaive,3,2019/20,10:1,10,1,fold,18975.104262685913,5206.546363936402,13768.55789874951,0.9321789321789322,33,21
Sweden-CV-multihorizon,SeasonalNaive,3,2021/22,2:1,2,1,fold,25434.70358155321,25169.85971804772,264.8438635054915,0.3593073593073593,33,21
Sweden-CV-multihorizon,SeasonalNaive,3,2021/22,3:1,3,1,fold,37423.405567324575,36909.756850061334,513.6487172632402,0.4025974025974026,33,21
Sweden-CV-multihorizon,SeasonalNaive,3,2021/22,5:1,5,1,fold,60449.389922252274,59422.646106575194,1026.7438156770834,0.44155844155844154,33,21
Sweden-CV-multihorizon,SeasonalNaive,3,2021/22,10:1,10,1,fold,113429.54659590118,111694.5468027854,1734.999793115795,0.5382395382395382,33,21
Sweden-CV-multihorizon,SeasonalNaive,3,2022/23,2:1,2,1,fold,61315.88888888888,33602.11111111111,27713.777777777774,0.46176046176046176,33,21
Sweden-CV-multihorizon,SeasonalNaive,3,2022/23,3:1,3,1,fold,76774.5,41563.5,35211.0,0.5093795093795094,33,21
Sweden-CV-multihorizon,SeasonalNaive,3,2022/23,5:1,5,1,fold,130986.83333333333,49509.16666666666,81477.66666666669,0.6637806637806638,33,21
Sweden-CV-multihorizon,SeasonalNaive,3,2022/23,10:1,10,1,fold,229292.81818181791,63386.36363636365,165906.45454545424,0.7647907647907648,33,21
Sweden-CV-multihorizon,SeasonalNaive,3,2023/24,2:1,2,1,fold,33539.36641807972,1644.05388529437,31895.312532785356,0.9062049062049062,33,21
Sweden-CV-multihorizon,SeasonalNaive,3,2023/24,3:1,3,1,fold,39822.93254993932,612.4351031904553,39210.497446748865,0.9595959595959596,33,21
Sweden-CV-multihorizon,SeasonalNaive,3,2023/24,5:1,5,1,fold,49089.97693556918,345.4669175665692,48744.51001800261,0.9826839826839827,33,21
Sweden-CV-multihorizon,SeasonalNaive,3,2023/24,10:1,10,1,fold,56966.36301649008,497.0955723396572,56469.26744415043,0.98989898989899,33,21
Sweden-CV-multihorizon,SeasonalNaive,3,2024/25,2:1,2,1,fold,32607.562743909977,27831.03105553902,4776.53168837096,0.5137085137085137,33,21
Sweden-CV-multihorizon,SeasonalNaive,3,2024/25,3:1,3,1,fold,44155.869795727755,38267.85969173433,5888.010103993421,0.5512265512265512,33,21
Sweden-CV-multihorizon,SeasonalNaive,3,2024/25,5:1,5,1,fold,65311.98358140883,57844.154731071,7467.828850337831,0.5901875901875901,33,21
Sweden-CV-multihorizon,SeasonalNaive,3,2024/25,10:1,10,1,fold,107405.3341208109,96808.2612615821,10597.0728592288,0.6522366522366523,33,21
Sweden-CV-multihorizon,SeasonalNaive,3,POOLED,2:1,2,1,pooled,189049.4587656408,92292.63941056875,96756.81935507203,0.6507936507936508,198,21
Sweden-CV-multihorizon,SeasonalNaive,3,POOLED,3:1,3,1,pooled,242172.63330199316,121789.2838469655,120383.34945502767,0.6981721981721982,198,21
Sweden-CV-multihorizon,SeasonalNaive,3,POOLED,5:1,5,1,pooled,360140.08830401616,171964.3699947342,188175.71830928192,0.7551707551707552,198,21
Sweden-CV-multihorizon,SeasonalNaive,3,POOLED,10:1,10,1,pooled,574014.2888209131,279131.87307108054,294882.4157498325,0.8088023088023089,198,21
Sweden-CV-multihorizon,MEx-ColaGNN-SE,4,2018/19,2:1,2,1,fold,11336.260564676373,4567.421852412436,6768.838712263938,0.70995670995671,33,21
Sweden-CV-multihorizon,MEx-ColaGNN-SE,4,2018/19,3:1,3,1,fold,14648.450071707084,5345.832713629827,9302.617358077256,0.7647907647907648,33,21
Sweden-CV-multihorizon,MEx-ColaGNN-SE,4,2018/19,5:1,5,1,fold,19155.386646261508,6769.482412867087,12385.90423339442,0.8326118326118326,33,21
Sweden-CV-multihorizon,MEx-ColaGNN-SE,4,2018/19,10:1,10,1,fold,26600.216258036962,10028.60823517102,16571.60802286594,0.8787878787878788,33,21
Sweden-CV-multihorizon,MEx-ColaGNN-SE,4,2019/20,2:1,2,1,fold,7575.224915727015,1666.928403951773,5908.296511775242,0.8210678210678211,33,21
Sweden-CV-multihorizon,MEx-ColaGNN-SE,4,2019/20,3:1,3,1,fold,9420.156051434304,1889.257008612738,7530.899042821565,0.8816738816738817,33,21
Sweden-CV-multihorizon,MEx-ColaGNN-SE,4,2019/20,5:1,5,1,fold,12981.756505521562,2173.111006836928,10808.645498684633,0.9336219336219336,33,21
Sweden-CV-multihorizon,MEx-ColaGNN-SE,4,2019/20,10:1,10,1,fold,17539.583445792166,2253.8145880244488,15285.768857767716,0.9595959595959596,33,21
Sweden-CV-multihorizon,MEx-ColaGNN-SE,4,2021/22,2:1,2,1,fold,25634.98086298912,17993.865422519288,7641.11544046983,0.5281385281385281,33,21
Sweden-CV-multihorizon,MEx-ColaGNN-SE,4,2021/22,3:1,3,1,fold,34479.755434797764,25725.634396850164,8754.121037947596,0.5772005772005772,33,21
Sweden-CV-multihorizon,MEx-ColaGNN-SE,4,2021/22,5:1,5,1,fold,50314.00181849113,38868.17624277874,11445.825575712393,0.6551226551226551,33,21
Sweden-CV-multihorizon,MEx-ColaGNN-SE,4,2021/22,10:1,10,1,fold,86103.67393992108,72367.77214873297,13735.901791188115,0.6810966810966811,33,21
Sweden-CV-multihorizon,MEx-ColaGNN-SE,4,2022/23,2:1,2,1,fold,35617.3292923299,33590.053059079146,2027.27623325076,0.44155844155844154,33,21
Sweden-CV-multihorizon,MEx-ColaGNN-SE,4,2022/23,3:1,3,1,fold,49484.13795977247,45920.50636278781,3563.63159698466,0.5007215007215007,33,21
Sweden-CV-multihorizon,MEx-ColaGNN-SE,4,2022/23,5:1,5,1,fold,57881.91902451471,47452.56860931313,10429.350415201581,0.6608946608946609,33,21
Sweden-CV-multihorizon,MEx-ColaGNN-SE,4,2022/23,10:1,10,1,fold,84847.56379907115,52466.59065014019,32380.973148930974,0.8253968253968254,33,21
Sweden-CV-multihorizon,MEx-ColaGNN-SE,4,2023/24,2:1,2,1,fold,13038.107924731372,4698.948708219781,8339.15921651159,0.7835497835497836,33,21
Sweden-CV-multihorizon,MEx-ColaGNN-SE,4,2023/24,3:1,3,1,fold,16275.223192332025,5172.209682174566,11103.01351015746,0.84992784992785,33,21
Sweden-CV-multihorizon,MEx-ColaGNN-SE,4,2023/24,5:1,5,1,fold,23297.741497172676,4546.93946013219,18750.802037040485,0.9134199134199135,33,21
Sweden-CV-multihorizon,MEx-ColaGNN-SE,4,2023/24,10:1,10,1,fold,39019.80630891116,2532.6454119291798,36487.16089698198,0.974025974025974,33,21
Sweden-CV-multihorizon,MEx-ColaGNN-SE,4,2024/25,2:1,2,1,fold,14616.184723599526,8834.420723597403,5781.764000002122,0.6911976911976911,33,21
Sweden-CV-multihorizon,MEx-ColaGNN-SE,4,2024/25,3:1,3,1,fold,17774.861551377206,9574.982420180078,8199.879131197125,0.772005772005772,33,21
Sweden-CV-multihorizon,MEx-ColaGNN-SE,4,2024/25,5:1,5,1,fold,21137.84604843062,8711.693275763699,12426.152772666917,0.84992784992785,33,21
Sweden-CV-multihorizon,MEx-ColaGNN-SE,4,2024/25,10:1,10,1,fold,25674.79427353035,8214.491207309846,17460.303066220506,0.9191919191919192,33,21
Sweden-CV-multihorizon,MEx-ColaGNN-SE,4,POOLED,2:1,2,1,pooled,107818.08828405332,71351.63816977984,36466.45011427349,0.6625781625781626,198,21
Sweden-CV-multihorizon,MEx-ColaGNN-SE,4,POOLED,3:1,3,1,pooled,142082.58426142085,93628.4225842352,48454.161677185664,0.7243867243867244,198,21
Sweden-CV-multihorizon,MEx-ColaGNN-SE,4,POOLED,5:1,5,1,pooled,184768.6515403922,108521.97100769175,76246.68053270044,0.8075998075998077,198,21
Sweden-CV-multihorizon,MEx-ColaGNN-SE,4,POOLED,10:1,10,1,pooled,279785.63802526286,147863.92224130768,131921.71578395524,0.873015873015873,198,21
Sweden-CV-multihorizon,MEx-EpiGNN-SE,4,2018/19,2:1,2,1,fold,13138.292994118801,5573.566875086471,7564.72611903233,0.7142857142857143,33,21
Sweden-CV-multihorizon,MEx-EpiGNN-SE,4,2018/19,3:1,3,1,fold,16429.10626772247,6071.444886818921,10357.661380903546,0.8095238095238095,33,21
Sweden-CV-multihorizon,MEx-EpiGNN-SE,4,2018/19,5:1,5,1,fold,20065.858355957866,4170.370029986926,15895.488325970942,0.8888888888888888,33,21
Sweden-CV-multihorizon,MEx-EpiGNN-SE,4,2018/19,10:1,10,1,fold,25892.064694417983,4016.8225184014755,21875.242176016505,0.9307359307359307,33,21
Sweden-CV-multihorizon,MEx-EpiGNN-SE,4,2019/20,2:1,2,1,fold,8802.008681912972,1327.8823920522132,7474.126289860759,0.8528138528138528,33,21
Sweden-CV-multihorizon,MEx-EpiGNN-SE,4,2019/20,3:1,3,1,fold,10918.322465443662,1411.2430793688854,9507.079386074776,0.9076479076479076,33,21
Sweden-CV-multihorizon,MEx-EpiGNN-SE,4,2019/20,5:1,5,1,fold,14598.21276088003,1665.4072813691416,12932.805479510887,0.9321789321789322,33,21
Sweden-CV-multihorizon,MEx-EpiGNN-SE,4,2019/20,10:1,10,1,fold,18751.694352108672,1967.9449203729234,16783.74943173575,0.961038961038961,33,21
Sweden-CV-multihorizon,MEx-EpiGNN-SE,4,2021/22,2:1,2,1,fold,23817.044889845638,16882.153975591493,6934.890914254143,0.6075036075036075,33,21
Sweden-CV-multihorizon,MEx-EpiGNN-SE,4,2021/22,3:1,3,1,fold,32161.210973488454,23455.659274829297,8705.551698659157,0.6594516594516594,33,21
Sweden-CV-multihorizon,MEx-EpiGNN-SE,4,2021/22,5:1,5,1,fold,46659.627684102874,36102.596511035634,10557.031173067244,0.7128427128427128,33,21
Sweden-CV-multihorizon,MEx-EpiGNN-SE,4,2021/22,10:1,10,1,fold,79652.17015597026,66892.77177149846,12759.398384471797,0.7734487734487735,33,21
Sweden-CV-multihorizon,MEx-EpiGNN-SE,4,2022/23,2:1,2,1,fold,34015.382684341675,31294.003253894836,2721.379430446845,0.42568542568542567,33,21
Sweden-CV-multihorizon,MEx-EpiGNN-SE,4,2022/23,3:1,3,1,fold,42590.22817815526,36819.33623253854,5770.8919456167205,0.5281385281385281,33,21
Sweden-CV-multihorizon,MEx-EpiGNN-SE,4,2022/23,5:1,5,1,fold,49866.46242022567,34856.017789395184,15010.444630830485,0.6782106782106783,33,21
Sweden-CV-multihorizon,MEx-EpiGNN-SE,4,2022/23,10:1,10,1,fold,72303.59627106017,37890.919910379016,34412.67636068117,0.810966810966811,33,21
Sweden-CV-multihorizon,MEx-EpiGNN-SE,4,2023/24,2:1,2,1,fold,16911.87135697927,3682.504229681847,13229.367127297424,0.8571428571428571,33,21
Sweden-CV-multihorizon,MEx-EpiGNN-SE,4,2023/24,3:1,3,1,fold,22316.14215536706,2953.7627393522002,19362.37941601486,0.9076479076479076,33,21
Sweden-CV-multihorizon,MEx-EpiGNN-SE,4,2023/24,5:1,5,1,fold,30010.522554497526,1540.0963446881708,28470.426209809353,0.9581529581529582,33,21
Sweden-CV-multihorizon,MEx-EpiGNN-SE,4,2023/24,10:1,10,1,fold,42913.10838260545,632.9300474523008,42280.17833515315,0.98989898989899,33,21
Sweden-CV-multihorizon,MEx-EpiGNN-SE,4,2024/25,2:1,2,1,fold,18334.334352752703,13010.584215245994,5323.750137506708,0.6608946608946609,33,21
Sweden-CV-multihorizon,MEx-EpiGNN-SE,4,2024/25,3:1,3,1,fold,23298.292375261673,16315.462941773685,6982.829433487987,0.7142857142857143,33,21
Sweden-CV-multihorizon,MEx-EpiGNN-SE,4,2024/25,5:1,5,1,fold,27386.422625356827,17223.629481488377,10162.79314386845,0.784992784992785,33,21
Sweden-CV-multihorizon,MEx-EpiGNN-SE,4,2024/25,10:1,10,1,fold,37136.818810956844,22970.84519492261,14165.973616034233,0.8484848484848485,33,21
Sweden-CV-multihorizon,MEx-EpiGNN-SE,4,POOLED,2:1,2,1,pooled,115018.93495995106,71770.69494155285,43248.24001839821,0.6863876863876864,198,21
Sweden-CV-multihorizon,MEx-EpiGNN-SE,4,POOLED,3:1,3,1,pooled,147713.30241543858,87026.90915468153,60686.393260757046,0.7544492544492545,198,21
Sweden-CV-multihorizon,MEx-EpiGNN-SE,4,POOLED,5:1,5,1,pooled,188587.10640102078,95558.11743796343,93028.98896305736,0.8258778258778259,198,21
Sweden-CV-multihorizon,MEx-EpiGNN-SE,4,POOLED,10:1,10,1,pooled,276649.45266711945,134372.2343630268,142277.2183040926,0.8857623857623858,198,21
Sweden-CV-multihorizon,Persistence,4,2018/19,2:1,2,1,fold,14184.390253401889,7195.471604929415,6988.918648472472,0.7128427128427128,33,21
Sweden-CV-multihorizon,Persistence,4,2018/19,3:1,3,1,fold,17912.58273507021,5681.717961772501,12230.864773297706,0.7907647907647908,33,21
Sweden-CV-multihorizon,Persistence,4,2018/19,5:1,5,1,fold,22853.58607307892,4962.383108052683,17891.20296502624,0.8932178932178932,33,21
Sweden-CV-multihorizon,Persistence,4,2018/19,10:1,10,1,fold,34036.06888795137,3955.231299841847,30080.83758810952,0.9624819624819625,33,21
Sweden-CV-multihorizon,Persistence,4,2019/20,2:1,2,1,fold,9810.274730219973,4593.681908419367,5216.5928218006065,0.7157287157287158,33,21
Sweden-CV-multihorizon,Persistence,4,2019/20,3:1,3,1,fold,12113.388067767028,3401.7565494933233,8711.631518273703,0.8138528138528138,33,21
Sweden-CV-multihorizon,Persistence,4,2019/20,5:1,5,1,fold,16685.686089298462,1917.1771926497797,14768.508896648678,0.9336219336219336,33,21
Sweden-CV-multihorizon,Persistence,4,2019/20,10:1,10,1,fold,23884.708931389065,2162.7372116369465,21721.97171975212,0.9581529581529582,33,21
Sweden-CV-multihorizon,Persistence,4,2021/22,2:1,2,1,fold,26322.45576654236,17545.431827304572,8777.023939237788,0.6493506493506493,33,21
Sweden-CV-multihorizon,Persistence,4,2021/22,3:1,3,1,fold,34901.22275538933,23870.59644490961,11030.62631047972,0.7301587301587301,33,21
Sweden-CV-multihorizon,Persistence,4,2021/22,5:1,5,1,fold,50508.85470631602,35666.73952894904,14842.11517736698,0.7936507936507936,33,21
Sweden-CV-multihorizon,Persistence,4,2021/22,10:1,10,1,fold,84420.09303846332,65712.90120914379,18707.19182931954,0.834054834054834,33,21
Sweden-CV-multihorizon,Persistence,4,2022/23,2:1,2,1,fold,34360.2170486669,31766.113901518213,2594.103147148683,0.48917748917748916,33,21
Sweden-CV-multihorizon,Persistence,4,2022/23,3:1,3,1,fold,48150.27159552001,43870.245971320954,4280.0256241990555,0.5454545454545454,33,21
Sweden-CV-multihorizon,Persistence,4,2022/23,5:1,5,1,fold,60618.38951248185,49232.90103385898,11385.488478622876,0.683982683982684,33,21
Sweden-CV-multihorizon,Persistence,4,2022/23,10:1,10,1,fold,88631.86959702098,57754.045000101294,30877.824596919698,0.7950937950937951,33,21
Sweden-CV-multihorizon,Persistence,4,2023/24,2:1,2,1,fold,17860.228472117007,9863.960392401359,7996.268079715652,0.696969696969697,33,21
Sweden-CV-multihorizon,Persistence,4,2023/24,3:1,3,1,fold,23481.130547843626,10329.833425772036,13151.297122071588,0.7763347763347763,33,21
Sweden-CV-multihorizon,Persistence,4,2023/24,5:1,5,1,fold,32275.822609098526,7832.059025539269,24443.76358355926,0.8961038961038961,33,21
Sweden-CV-multihorizon,Persistence,4,2023/24,10:1,10,1,fold,51427.781380097476,2116.968498858657,49310.81288123882,0.9841269841269841,33,21
Sweden-CV-multihorizon,Persistence,4,2024/25,2:1,2,1,fold,25186.621013364154,20589.075291142144,4597.545722222008,0.5670995670995671,33,21
Sweden-CV-multihorizon,Persistence,4,2024/25,3:1,3,1,fold,33606.78445450656,27057.950158040752,6548.834296465806,0.6406926406926406,33,21
Sweden-CV-multihorizon,Persistence,4,2024/25,5:1,5,1,fold,46730.79712221589,32983.959928108496,13746.837194107396,0.7417027417027418,33,21
Sweden-CV-multihorizon,Persistence,4,2024/25,10:1,10,1,fold,70785.29019355342,45517.14339253051,25268.146801022907,0.8066378066378066,33,21
Sweden-CV-multihorizon,Persistence,4,POOLED,2:1,2,1,pooled,127724.18728431227,91553.73492571508,36170.45235859721,0.6385281385281385,198,21
Sweden-CV-multihorizon,Persistence,4,POOLED,3:1,3,1,pooled,170165.38015609677,114212.10051130917,55953.27964478757,0.7162097162097162,198,21
Sweden-CV-multihorizon,Persistence,4,POOLED,5:1,5,1,pooled,229673.13611248968,132595.21981715824,97077.91629533144,0.8237133237133237,198,21
Sweden-CV-multihorizon,Persistence,4,POOLED,10:1,10,1,pooled,353185.8120284757,177219.02661211303,175966.7854163626,0.89009139009139,198,21
Sweden-CV-multihorizon,SeasonalNaive,4,2018/19,2:1,2,1,fold,27952.621952361413,1148.5888565653804,26804.033095796036,0.8816738816738817,33,21
Sweden-CV-multihorizon,SeasonalNaive,4,2018/19,3:1,3,1,fold,33311.30663985266,1265.9125191684925,32045.39412068417,0.9206349206349206,33,21
Sweden-CV-multihorizon,SeasonalNaive,4,2018/19,5:1,5,1,fold,40516.61104023127,1125.7133626299928,39390.89767760127,0.9653679653679653,33,21
Sweden-CV-multihorizon,SeasonalNaive,4,2018/19,10:1,10,1,fold,47945.12264320708,1539.0594340733246,46406.06320913376,0.9754689754689755,33,21
Sweden-CV-multihorizon,SeasonalNaive,4,2019/20,2:1,2,1,fold,8199.315180847583,2896.994784011163,5302.32039683642,0.7821067821067821,33,21
Sweden-CV-multihorizon,SeasonalNaive,4,2019/20,3:1,3,1,fold,10684.61874914885,3169.819682810874,7514.799066337977,0.8455988455988456,33,21
Sweden-CV-multihorizon,SeasonalNaive,4,2019/20,5:1,5,1,fold,13785.293491221259,3717.222210224806,10068.071280996453,0.8874458874458875,33,21
Sweden-CV-multihorizon,SeasonalNaive,4,2019/20,10:1,10,1,fold,18975.104262685913,5206.546363936402,13768.55789874951,0.9321789321789322,33,21
Sweden-CV-multihorizon,SeasonalNaive,4,2021/22,2:1,2,1,fold,25434.70358155321,25169.85971804772,264.8438635054915,0.3593073593073593,33,21
Sweden-CV-multihorizon,SeasonalNaive,4,2021/22,3:1,3,1,fold,37423.405567324575,36909.756850061334,513.6487172632402,0.4025974025974026,33,21
Sweden-CV-multihorizon,SeasonalNaive,4,2021/22,5:1,5,1,fold,60449.389922252274,59422.646106575194,1026.7438156770834,0.44155844155844154,33,21
Sweden-CV-multihorizon,SeasonalNaive,4,2021/22,10:1,10,1,fold,113429.54659590118,111694.5468027854,1734.999793115795,0.5382395382395382,33,21
Sweden-CV-multihorizon,SeasonalNaive,4,2022/23,2:1,2,1,fold,61315.88888888888,33602.11111111111,27713.777777777774,0.46176046176046176,33,21
Sweden-CV-multihorizon,SeasonalNaive,4,2022/23,3:1,3,1,fold,76774.5,41563.5,35211.0,0.5093795093795094,33,21
Sweden-CV-multihorizon,SeasonalNaive,4,2022/23,5:1,5,1,fold,130986.83333333333,49509.16666666666,81477.66666666669,0.6637806637806638,33,21
Sweden-CV-multihorizon,SeasonalNaive,4,2022/23,10:1,10,1,fold,229292.81818181791,63386.36363636365,165906.45454545424,0.7647907647907648,33,21
Sweden-CV-multihorizon,SeasonalNaive,4,2023/24,2:1,2,1,fold,33539.36641807972,1644.05388529437,31895.312532785356,0.9062049062049062,33,21
Sweden-CV-multihorizon,SeasonalNaive,4,2023/24,3:1,3,1,fold,39822.93254993932,612.4351031904553,39210.497446748865,0.9595959595959596,33,21
Sweden-CV-multihorizon,SeasonalNaive,4,2023/24,5:1,5,1,fold,49089.97693556918,345.4669175665692,48744.51001800261,0.9826839826839827,33,21
Sweden-CV-multihorizon,SeasonalNaive,4,2023/24,10:1,10,1,fold,56966.36301649008,497.0955723396572,56469.26744415043,0.98989898989899,33,21
Sweden-CV-multihorizon,SeasonalNaive,4,2024/25,2:1,2,1,fold,32607.562743909977,27831.03105553902,4776.53168837096,0.5137085137085137,33,21
Sweden-CV-multihorizon,SeasonalNaive,4,2024/25,3:1,3,1,fold,44155.869795727755,38267.85969173433,5888.010103993421,0.5512265512265512,33,21
Sweden-CV-multihorizon,SeasonalNaive,4,2024/25,5:1,5,1,fold,65311.98358140883,57844.154731071,7467.828850337831,0.5901875901875901,33,21
Sweden-CV-multihorizon,SeasonalNaive,4,2024/25,10:1,10,1,fold,107405.3341208109,96808.2612615821,10597.0728592288,0.6522366522366523,33,21
Sweden-CV-multihorizon,SeasonalNaive,4,POOLED,2:1,2,1,pooled,189049.4587656408,92292.63941056875,96756.81935507203,0.6507936507936508,198,21
Sweden-CV-multihorizon,SeasonalNaive,4,POOLED,3:1,3,1,pooled,242172.63330199316,121789.2838469655,120383.34945502767,0.6981721981721982,198,21
Sweden-CV-multihorizon,SeasonalNaive,4,POOLED,5:1,5,1,pooled,360140.08830401616,171964.3699947342,188175.71830928192,0.7551707551707552,198,21
Sweden-CV-multihorizon,SeasonalNaive,4,POOLED,10:1,10,1,pooled,574014.2888209131,279131.87307108054,294882.4157498325,0.8088023088023089,198,21
